Catégorie,Thème,Mots-clés thème,Sous-thème,Mots-clés,Termes
Offre,Transport collectif,"Transport collectif, transport public, transports collectifs, transport en commun, bus, train, tram",Offre planifiée,"gtfs, horaires-theoriques, temps-theorique, arrets, reseau-bus, transport-public, itineraire","GTFS, NETEX, offre planifiée de transport public, offre de Transport collectif, transport public, transports collectifs, transport en commun, bus, train, tram,arrêts, réseau, ligne, itinéraires"
Offre,Transport collectif,"Transport collectif, transport public, transports collectifs, transport en commun, bus, train, tram",Offre temps réel / perturbations,"gtfs-rt, temps-reel, perturbations, info-voyageurs, horaires-temps-reel","GTFS-RT, SIRI, horaires temps réel, horaires de passage, perturbations transport collectif"
Offre,Transport collectif,"Transport collectif, transport public, transports collectifs, transport en commun, bus, train, tram",Tarification,"tarification, tarif, titres-transport, titres, tickets, prix","tarifs, tarification, prix ticket, titres de transport, abonnement"
Offre,Transport collectif,"Transport collectif, transport public, transports collectifs, transport en commun, bus, train, tram",Accessibilité,"accessibilite, pmr, personnes-a-mobilite-reduite","accessiblité transport, accessibilité PMR, accessibilité aux arrêts"
Offre,Voirie,"Voirie, Route",Réseau de voirie,"voirie, troncons-de-route, voies-nommees, reseau-routier, troncons","voirie, tronçon routier, voies nommées, réseau routier"
Offre,Voirie,"Voirie, Route",Signalisation ,"signalisation, feux, marquage, panneaux","feux, marquage, panneaux, signalisation routière"
Offre,Vélo,Vélo,Aménagements cyclables,"amenagements-cyclables, pistes-cyclables, circulation-douce, voies-vertes, velo","aménagements cyclables, pistes cyclables, voies vertes, bande cyclable"
Offre,Vélo,Vélo,Stationnement vélo,"arceau, arceaux-velo, abris-velo, stationnement-velo","stationnement vélo, arceaux, parc à vélo, box vélos"
Offre,Mobilité partagée,Mobilité partagée,Vélos en libre service ,"velos-en-libre-service, velo-en-libre-service, vls, libre-service","vélos en libre service, vélos partagés, VLS"
Offre,Stationnement,Stationnement,Stationnement en voirie,"stationnement, stationnement-reglemente, horodateur, places-de-stationnement","stationnement en voirie, stationnement réglementé, horodateur, places de stationnement"
Offre,Stationnement,Stationnement,Parcs et ouvrages,"parking, parc-relais, parcs-relais, ouvrage-parking","parking, parc en ouvrage, parc-relais, parking payant, parking gratuit"
Offre,Stationnement,Stationnement,Tarification,"tarification-stationnement, tarif-stationnement, horodateur","tarifs parking, tarif, abonnement"
Offre,Covoiturage,Covoiturage,Aires de covoiturage,"covoiturage, aire-de-covoiturage, aires-de-covoiturage, parking-de-covoiturage",aires de covoiturage
Offre,"Marche, Piéton","Marche, Piéton",Réseau piéton,"pieton, passage-pieton, sentiers-pedestres, cheminements-doux, reseau-pieton","réseau piéton, voirie piétonnes, chemins piétons, sentiers, cheminement "
Offre,Voirie,"Voirie, Route",Accessibilité de la voirie,"accessibilite, pmr, trottoirs, bordures-abaissees","accessibilité pmr, accessibilité trottoir, bordures abaissées"
Offre,Mobilité partagée,Mobilité partagée,Stations et services de trottinettes partagées,"trottinette, trottinettes-partagees, trottinettes-en-libre-service, micromobilite","trottinettes en libre service, EDP, trottinettes partagées, free-floating, stations"
Offre,Mobilité partagée,Mobilité partagée,Stations et services d’autopartage,"autopartage, voitures-en-libre-service, station-autopartage, voiture-partagee","autopartage, voiture partagée, voiture en libre-service, station autopartage"
Offre,"Fret, logistique ","Fret, logistique ",Entrepôts,"entrepot, logistique, zones-logistiques, fret, plateforme-logistique","entrepôt, espace logistique, zone logistique, plate-forme logistique"
Offre,"Fret, logistique ","Fret, logistique ",Aires de livraison,"livraison, aires-de-livraison, livraison-urbaine, fret","aires de livraison, stationnement livraison, réglementation livraison, dialog, fret urbain, logistique urbaine"
Offre,Véhicules,Véhicules,Parc de véhicules,"loi-lom, flotte-automobile, parc-automobile, vehicule-faible-emission, verdissement-flotte, renouvellement, irve, borne-de-recharge","parc automobile, parc véhicules, flottes"
,Véhicules,Véhicules,IRVE,,"bornes de recharge, IRVE"
Demande et usage,Trafic routier ,Trafic routier ,Trafic en temps réel,"trafic, temps-reel, conditions-de-circulation, circulation","trafic routier temps réel, conditions de circulation temps réel, temps de parcours temps réel"
Demande et usage,Trafic routier ,Trafic routier ,"Trafic historique (Comptages, débits, vitesses, temps de parcours)","comptage, comptages, comptage-et-flux, debits, vitesse, temps-de-parcours","comptages routiers, débits, trafic historique, vitesses moyennes, temps de parcours moyen"
Demande et usage,Trafic routier ,Trafic routier ,Événements de circulation,"evenements-de-circulation, arretes-circulation, arretes-circulation-voirie, travaux, perturbation","événement de circulation, travaux, perturbations"
Demande et usage,Trafic routier ,Trafic routier ,Enquêtes OD,"enquete-origine-destination, enquete-od, emd, enquete-menages-deplacements, enquetes","enquêtes OD routières, enquête origine-destination, enquête trafic routier"
Demande et usage,Transport collectif,"Transport collectif, transport public, transports collectifs, transport en commun, bus, train, tram",Fréquentation et usage,"frequentation, frequentation-statistiques, frequentation-mesuree, validations, validations-telebillettiques, comptage-et-flux","fréquentation, remplissage transport, saturation transport, validations, validation billettique, flux passagers, flux voyageurs"
Demande et usage,Transport collectif,"Transport collectif, transport public, transports collectifs, transport en commun, bus, train, tram",Qualité de service et performance,"qualite-de-service, ponctualite, regularite, performance, retards","ponctualité, performance réseau transport, retards, niveau de service"
Demande et usage,Vélo,Vélo,Comptages et fréquentation cyclistes,"comptages-velo, compteurs-velo, comptage, frequentation-cyclistes","comptages vélo, compteurs vélo, fréquentation cyclistes"
Demande et usage,Marche,Marche,Comptages piétons,"comptage-pieton, comptages-pietons, comptage, frequentation-pietonne","comptage piéton, fréquentation randonneurs, comptage piétons"
Demande et usage,Vélo,Vélo,Enquêtes et pratiques cyclables ,"enquete-velo, pratiques-velo, enquetes, usage-du-velo","enquête vélo, pratiques usagers vélo, enquête cyclistes"
Demande et usage,Vélo,Vélo,Usage des vélos en libre service ,"velos-en-libre-service, vls, usage-vls, trajectoires-vls","usage VLS, fréquentation vélo libre service"
Demande et usage,Stationnement ,Stationnement ,Occupation et disponibilité en temps réel,"occupation, disponibilite, taux-occupation, temps-reel, places-disponibles","occupation parking temps réel, disponibilité places temps réel"
Demande et usage,Stationnement ,Stationnement ,Transactions et paiements,"transactions, paiement, paiements, horodateur, paiement-en-ligne","paiement stationnement, transactions paiement parking, statistique horodateur, contrôle du stationnement"
Demande et usage,Stationnement ,Stationnement ,Enquêtes,"enquete-stationnement, enquetes, stationnement",enquête stationnement
Socio-économie,Economie des transports ,Economie des transports ,Coût des services de transport,"cout, prix, prix-des-carburants, carburants, tarification, stations-service","coût des réseaux de transport, coût d’exploitation, coût entretien infrastructures"
Socio-économie,Economie des transports ,Economie des transports ,Dépense publique ,"versement-mobilite, depense-publique, budget, budgets-primitifs, financement","dépense publique, AOM, budget transport, financement transport"
Environnement,Bruit ,Bruit ,Mesures et estimations du bruit,"bruit, nuisance-bruit, zones-de-bruit, classement-sonore, mesures-de-bruit","bruit des infrastructures de transport, bruit routier, bruit rail, classement sonore"
Environnement,"GES, CO2","GES, CO2",émissions,"ges, emissions, emission-co2, empreinte-carbone, bilan-carbone","GES, émission CO2, bilan carbone des transports"
Environnement,"Accidentologie, Sécurité routière","Accidentologie, Sécurité routière",Accidents routiers et transport,"accidentologie, accidents, accidents-de-la-route, baac, accidents-routiers","accidentologie, accidents de la route, BAAC"
