Thématique,Catégorie,Sous-catégorie
Offre,"Transport collectif
",Réseaux et lignes
Offre,"Transport collectif
",Arrêts et stations 
Offre,"Transport collectif
",Horaires théoriques 
Offre,"Transport collectif
",Offre temps réel / perturbations
Offre,"Transport collectif
",Tarification
Offre,"Transport collectif
",Accessibilité
Offre,"Transport collectif
",Réseau ferroviaire
Offre,"Transport collectif
",Gares 
Offre,"Transport collectif
",Offre et horaires 
Offre,Voirie / espace public,Réseau et référentiel de voirie
Offre,Voirie / espace public,Signalisation 
Offre,Voirie / espace public,Caractéristiques des voies
Offre,Vélo / Mobilités actives,Aménagement cyclable
Offre,Vélo / Mobilités actives,Pistes et bandes cyclables 
Offre,Vélo / Mobilités actives,Stationnement vélo
Offre,Vélo / Mobilités actives,Vélos en libre service 
Offre,Stationnement,Stationnement sur voirie
Offre,Stationnement,Parcs-relais 
Offre,Stationnement,Tarification
Offre,Covoiturage,Aires de covoiturage
Offre,Covoiturage,Points de prise en charge 
Offre,Accessibilité,Accessibilité des transports
Offre,Accessibilité,Accessibilité de la voirie
Demande et usage,Trafic routier ,Trafic en temps réel
Demande et usage,Trafic routier ,Comptages et débit de trafic
Demande et usage,Trafic routier ,Événements de circulation
Demande et usage,Trafic routier ,Enquêtes OD
Demande et usage,Trafic routier ,Vitesse et temps de parcours
Demande et usage,Trafic routier ,Floating Car data
Demande et usage,Transport collectif,Fréquentation et usage
Demande et usage,Transport collectif,Qualité de service et performance
Demande et usage,Vélo / Mobilités actives,Comptages et fréquentation cyclistes
Demande et usage,Vélo / Mobilités actives,Traces et trajectoires 
Demande et usage,Vélo / Mobilités actives,Enquêtes et pratiques cyclables 
Demande et usage,Vélo / Mobilités actives,Usage des vélos en libre service 
Demande et usage,Stationnement ,Occupation et disponibilité 
Demande et usage,Stationnement ,Rotation et durée de stationnement 
Demande et usage,Stationnement ,Transaction et paiement
Demande et usage,Stationnement ,Enquêtes
Demande et usage,Covoiturage ,Trajets réalisés 
Demande et usage,Covoiturage ,Enquêtes et pratiques de covoiturage 
Demande et usage,Covoiturage ,Utilisation des plateformes de covoiturage
Demande et usage,Autopartage,Locations et trajets réalisés 
Demande et usage,Autopartage,Enquêtes et études 
Demande et usage,Accessibilité,Usages et difficultés de déplacement des personnes à mobilité réduite
Demande et usage,Accessibilité,Enquêtes
Demande et usage,Fret et logistique ,Flux de marchandise 
Demande et usage,Fret et logistique ,Trafic de véhicules de marchandise / poids lourds 
Demande et usage,Fret et logistique ,Fréquentation des aires de livraison 
Demande et usage,Fret et logistique ,Origine - destination des transporteurs 
Demande et usage,Fret et logistique ,Enquêtes transport de marchandises et logistique urbaine
Données socio-économiques ,Population et ménages ,Données de référence démographiques
Données socio-économiques ,Population et ménages ,Motorisation des ménages 
Données socio-économiques ,Population et ménages ,Structure et composition des ménages 
Données socio-économiques ,Economie des transports ,Coût des services de transport
Données socio-économiques ,Economie des transports ,Dépense publique 
Données socio-économiques ,Economie des transports ,Investissement 
Données socio-économiques ,Territoire et équipements,Base permanente des équipements 
Données environnementales,Qualité de l'air,
Données environnementales,Bruit ,
